rbp_id	species	gene_id	transcript_id	chromosome	start	end	strand	site_center	source_file	evidence_type	raw_score	notes
AtGRP7	Arabidopsis thaliana	AT1G02560	AT1G02560.1	1	539934	539935	+	539935	08_embeddings/plant_rbp_extended_query_fasta/target_experimental_data/AtGRP7/GSE99427_iCLIP/GSE99427_significant_crosslinks.tar.gz.extracted/7GFPLL24.prom.bed	iCLIP reproducible binding site BED (0-based BED)	3.0	coordinate_system=0-based BED; sample=7GFPLL24.prom.bed
AtGRP7	Arabidopsis thaliana	AT1G02780	AT1G02780.1	1	607958	607959	-	607959	08_embeddings/plant_rbp_extended_query_fasta/target_experimental_data/AtGRP7/GSE99427_iCLIP/GSE99427_significant_crosslinks.tar.gz.extracted/7GFPLL24.prom.bed	iCLIP reproducible binding site BED (0-based BED)	4.0	coordinate_system=0-based BED; sample=7GFPLL24.prom.bed
AtGRP7	Arabidopsis thaliana	AT1G02780	AT1G02780.1	1	607960	607961	-	607961	08_embeddings/plant_rbp_extended_query_fasta/target_experimental_data/AtGRP7/GSE99427_iCLIP/GSE99427_significant_crosslinks.tar.gz.extracted/7GFPLL24.prom.bed	iCLIP reproducible binding site BED (0-based BED)	2.0	coordinate_system=0-based BED; sample=7GFPLL24.prom.bed
AtGRP7	Arabidopsis thaliana	AT1G02780	AT1G02780.1	1	607964	607965	-	607965	08_embeddings/plant_rbp_extended_query_fasta/target_experimental_data/AtGRP7/GSE99427_iCLIP/GSE99427_significant_crosslinks.tar.gz.extracted/7GFPLL24.prom.bed	iCLIP reproducible binding site BED (0-based BED)	4.0	coordinate_system=0-based BED; sample=7GFPLL24.prom.bed
AtGRP7	Arabidopsis thaliana	AT1G02780	AT1G02780.1	1	607965	607966	-	607966	08_embeddings/plant_rbp_extended_query_fasta/target_experimental_data/AtGRP7/GSE99427_iCLIP/GSE99427_significant_crosslinks.tar.gz.extracted/7GFPLL24.prom.bed	iCLIP reproducible binding site BED (0-based BED)	3.0	coordinate_system=0-based BED; sample=7GFPLL24.prom.bed
AtGRP7	Arabidopsis thaliana	AT1G02780	AT1G02780.1	1	607967	607968	-	607968	08_embeddings/plant_rbp_extended_query_fasta/target_experimental_data/AtGRP7/GSE99427_iCLIP/GSE99427_significant_crosslinks.tar.gz.extracted/7GFPLL24.prom.bed	iCLIP reproducible binding site BED (0-based BED)	6.0	coordinate_system=0-based BED; sample=7GFPLL24.prom.bed
AtGRP7	Arabidopsis thaliana	AT1G02780	AT1G02780.1	1	607973	607974	-	607974	08_embeddings/plant_rbp_extended_query_fasta/target_experimental_data/AtGRP7/GSE99427_iCLIP/GSE99427_significant_crosslinks.tar.gz.extracted/7GFPLL24.prom.bed	iCLIP reproducible binding site BED (0-based BED)	6.0	coordinate_system=0-based BED; sample=7GFPLL24.prom.bed
AtGRP7	Arabidopsis thaliana	AT1G02780	AT1G02780.1	1	607982	607983	-	607983	08_embeddings/plant_rbp_extended_query_fasta/target_experimental_data/AtGRP7/GSE99427_iCLIP/GSE99427_significant_crosslinks.tar.gz.extracted/7GFPLL24.prom.bed	iCLIP reproducible binding site BED (0-based BED)	3.0	coordinate_system=0-based BED; sample=7GFPLL24.prom.bed
AtGRP7	Arabidopsis thaliana	AT1G02780	AT1G02780.1	1	609413	609414	-	609414	08_embeddings/plant_rbp_extended_query_fasta/target_experimental_data/AtGRP7/GSE99427_iCLIP/GSE99427_significant_crosslinks.tar.gz.extracted/7GFPLL24.prom.bed	iCLIP reproducible binding site BED (0-based BED)	5.0	coordinate_system=0-based BED; sample=7GFPLL24.prom.bed
AtGRP7	Arabidopsis thaliana	AT1G02930	AT1G02930.1	1	661223	661224	-	661224	08_embeddings/plant_rbp_extended_query_fasta/target_experimental_data/AtGRP7/GSE99427_iCLIP/GSE99427_significant_crosslinks.tar.gz.extracted/7GFPLL24.prom.bed	iCLIP reproducible binding site BED (0-based BED)	6.0	coordinate_system=0-based BED; sample=7GFPLL24.prom.bed
AtGRP7	Arabidopsis thaliana	AT1G03130	AT1G03130.1	1	753446	753447	-	753447	08_embeddings/plant_rbp_extended_query_fasta/target_experimental_data/AtGRP7/GSE99427_iCLIP/GSE99427_significant_crosslinks.tar.gz.extracted/7GFPLL24.prom.bed	iCLIP reproducible binding site BED (0-based BED)	6.0	coordinate_system=0-based BED; sample=7GFPLL24.prom.bed
AtGRP7	Arabidopsis thaliana	AT1G03130	AT1G03130.1	1	753448	753449	-	753449	08_embeddings/plant_rbp_extended_query_fasta/target_experimental_data/AtGRP7/GSE99427_iCLIP/GSE99427_significant_crosslinks.tar.gz.extracted/7GFPLL24.prom.bed	iCLIP reproducible binding site BED (0-based BED)	9.0	coordinate_system=0-based BED; sample=7GFPLL24.prom.bed
AtGRP7	Arabidopsis thaliana	AT1G03130	AT1G03130.1	1	753450	753451	-	753451	08_embeddings/plant_rbp_extended_query_fasta/target_experimental_data/AtGRP7/GSE99427_iCLIP/GSE99427_significant_crosslinks.tar.gz.extracted/7GFPLL24.prom.bed	iCLIP reproducible binding site BED (0-based BED)	3.0	coordinate_system=0-based BED; sample=7GFPLL24.prom.bed
AtGRP7	Arabidopsis thaliana	AT1G03130	AT1G03130.1	1	753453	753454	-	753454	08_embeddings/plant_rbp_extended_query_fasta/target_experimental_data/AtGRP7/GSE99427_iCLIP/GSE99427_significant_crosslinks.tar.gz.extracted/7GFPLL24.prom.bed	iCLIP reproducible binding site BED (0-based BED)	2.0	coordinate_system=0-based BED; sample=7GFPLL24.prom.bed
AtGRP7	Arabidopsis thaliana	AT1G03130	AT1G03130.1	1	753454	753455	-	753455	08_embeddings/plant_rbp_extended_query_fasta/target_experimental_data/AtGRP7/GSE99427_iCLIP/GSE99427_significant_crosslinks.tar.gz.extracted/7GFPLL24.prom.bed	iCLIP reproducible binding site BED (0-based BED)	4.0	coordinate_system=0-based BED; sample=7GFPLL24.prom.bed
AtGRP7	Arabidopsis thaliana	AT1G03130	AT1G03130.1	1	753456	753457	-	753457	08_embeddings/plant_rbp_extended_query_fasta/target_experimental_data/AtGRP7/GSE99427_iCLIP/GSE99427_significant_crosslinks.tar.gz.extracted/7GFPLL24.prom.bed	iCLIP reproducible binding site BED (0-based BED)	6.0	coordinate_system=0-based BED; sample=7GFPLL24.prom.bed
AtGRP7	Arabidopsis thaliana	AT1G03130	AT1G03130.1	1	753457	753458	-	753458	08_embeddings/plant_rbp_extended_query_fasta/target_experimental_data/AtGRP7/GSE99427_iCLIP/GSE99427_significant_crosslinks.tar.gz.extracted/7GFPLL24.prom.bed	iCLIP reproducible binding site BED (0-based BED)	3.0	coordinate_system=0-based BED; sample=7GFPLL24.prom.bed
AtGRP7	Arabidopsis thaliana	AT1G03130	AT1G03130.1	1	753458	753459	-	753459	08_embeddings/plant_rbp_extended_query_fasta/target_experimental_data/AtGRP7/GSE99427_iCLIP/GSE99427_significant_crosslinks.tar.gz.extracted/7GFPLL24.prom.bed	iCLIP reproducible binding site BED (0-based BED)	5.0	coordinate_system=0-based BED; sample=7GFPLL24.prom.bed
AtGRP7	Arabidopsis thaliana	AT1G03130	AT1G03130.1	1	753460	753461	-	753461	08_embeddings/plant_rbp_extended_query_fasta/target_experimental_data/AtGRP7/GSE99427_iCLIP/GSE99427_significant_crosslinks.tar.gz.extracted/7GFPLL24.prom.bed	iCLIP reproducible binding site BED (0-based BED)	7.0	coordinate_system=0-based BED; sample=7GFPLL24.prom.bed
AtGRP7	Arabidopsis thaliana	AT1G03130	AT1G03130.1	1	753461	753462	-	753462	08_embeddings/plant_rbp_extended_query_fasta/target_experimental_data/AtGRP7/GSE99427_iCLIP/GSE99427_significant_crosslinks.tar.gz.extracted/7GFPLL24.prom.bed	iCLIP reproducible binding site BED (0-based BED)	2.0	coordinate_system=0-based BED; sample=7GFPLL24.prom.bed
AtGRP7	Arabidopsis thaliana	AT1G03130	AT1G03130.1	1	753462	753463	-	753463	08_embeddings/plant_rbp_extended_query_fasta/target_experimental_data/AtGRP7/GSE99427_iCLIP/GSE99427_significant_crosslinks.tar.gz.extracted/7GFPLL24.prom.bed	iCLIP reproducible binding site BED (0-based BED)	2.0	coordinate_system=0-based BED; sample=7GFPLL24.prom.bed
AtGRP7	Arabidopsis thaliana	AT1G03130	AT1G03130.1	1	753463	753464	-	753464	08_embeddings/plant_rbp_extended_query_fasta/target_experimental_data/AtGRP7/GSE99427_iCLIP/GSE99427_significant_crosslinks.tar.gz.extracted/7GFPLL24.prom.bed	iCLIP reproducible binding site BED (0-based BED)	3.0	coordinate_system=0-based BED; sample=7GFPLL24.prom.bed
AtGRP7	Arabidopsis thaliana	AT1G03130	AT1G03130.1	1	753465	753466	-	753466	08_embeddings/plant_rbp_extended_query_fasta/target_experimental_data/AtGRP7/GSE99427_iCLIP/GSE99427_significant_crosslinks.tar.gz.extracted/7GFPLL24.prom.bed	iCLIP reproducible binding site BED (0-based BED)	19.0	coordinate_system=0-based BED; sample=7GFPLL24.prom.bed
AtGRP7	Arabidopsis thaliana	AT1G03130	AT1G03130.1	1	753466	753467	-	753467	08_embeddings/plant_rbp_extended_query_fasta/target_experimental_data/AtGRP7/GSE99427_iCLIP/GSE99427_significant_crosslinks.tar.gz.extracted/7GFPLL24.prom.bed	iCLIP reproducible binding site BED (0-based BED)	3.0	coordinate_system=0-based BED; sample=7GFPLL24.prom.bed
AtGRP7	Arabidopsis thaliana	AT1G03130	AT1G03130.1	1	753467	753468	-	753468	08_embeddings/plant_rbp_extended_query_fasta/target_experimental_data/AtGRP7/GSE99427_iCLIP/GSE99427_significant_crosslinks.tar.gz.extracted/7GFPLL24.prom.bed	iCLIP reproducible binding site BED (0-based BED)	21.0	coordinate_system=0-based BED; sample=7GFPLL24.prom.bed
AtGRP7	Arabidopsis thaliana	AT1G03130	AT1G03130.1	1	753468	753469	-	753469	08_embeddings/plant_rbp_extended_query_fasta/target_experimental_data/AtGRP7/GSE99427_iCLIP/GSE99427_significant_crosslinks.tar.gz.extracted/7GFPLL24.prom.bed	iCLIP reproducible binding site BED (0-based BED)	4.0	coordinate_system=0-based BED; sample=7GFPLL24.prom.bed
AtGRP7	Arabidopsis thaliana	AT1G03130	AT1G03130.1	1	753476	753477	-	753477	08_embeddings/plant_rbp_extended_query_fasta/target_experimental_data/AtGRP7/GSE99427_iCLIP/GSE99427_significant_crosslinks.tar.gz.extracted/7GFPLL24.prom.bed	iCLIP reproducible binding site BED (0-based BED)	7.0	coordinate_system=0-based BED; sample=7GFPLL24.prom.bed
AtGRP7	Arabidopsis thaliana	AT1G03130	AT1G03130.1	1	753477	753478	-	753478	08_embeddings/plant_rbp_extended_query_fasta/target_experimental_data/AtGRP7/GSE99427_iCLIP/GSE99427_significant_crosslinks.tar.gz.extracted/7GFPLL24.prom.bed	iCLIP reproducible binding site BED (0-based BED)	4.0	coordinate_system=0-based BED; sample=7GFPLL24.prom.bed
AtGRP7	Arabidopsis thaliana	AT1G03130	AT1G03130.1	1	753479	753480	-	753480	08_embeddings/plant_rbp_extended_query_fasta/target_experimental_data/AtGRP7/GSE99427_iCLIP/GSE99427_significant_crosslinks.tar.gz.extracted/7GFPLL24.prom.bed	iCLIP reproducible binding site BED (0-based BED)	3.0	coordinate_system=0-based BED; sample=7GFPLL24.prom.bed
AtGRP7	Arabidopsis thaliana	AT1G03130	AT1G03130.1	1	753496	753497	-	753497	08_embeddings/plant_rbp_extended_query_fasta/target_experimental_data/AtGRP7/GSE99427_iCLIP/GSE99427_significant_crosslinks.tar.gz.extracted/7GFPLL24.prom.bed	iCLIP reproducible binding site BED (0-based BED)	3.0	coordinate_system=0-based BED; sample=7GFPLL24.prom.bed
AtGRP7	Arabidopsis thaliana	AT1G03130	AT1G03130.1	1	753503	753504	-	753504	08_embeddings/plant_rbp_extended_query_fasta/target_experimental_data/AtGRP7/GSE99427_iCLIP/GSE99427_significant_crosslinks.tar.gz.extracted/7GFPLL24.prom.bed	iCLIP reproducible binding site BED (0-based BED)	2.0	coordinate_system=0-based BED; sample=7GFPLL24.prom.bed
AtGRP7	Arabidopsis thaliana	AT1G03130	AT1G03130.1	1	753505	753506	-	753506	08_embeddings/plant_rbp_extended_query_fasta/target_experimental_data/AtGRP7/GSE99427_iCLIP/GSE99427_significant_crosslinks.tar.gz.extracted/7GFPLL24.prom.bed	iCLIP reproducible binding site BED (0-based BED)	4.0	coordinate_system=0-based BED; sample=7GFPLL24.prom.bed
AtGRP7	Arabidopsis thaliana	AT1G03130	AT1G03130.1	1	753506	753507	-	753507	08_embeddings/plant_rbp_extended_query_fasta/target_experimental_data/AtGRP7/GSE99427_iCLIP/GSE99427_significant_crosslinks.tar.gz.extracted/7GFPLL24.prom.bed	iCLIP reproducible binding site BED (0-based BED)	5.0	coordinate_system=0-based BED; sample=7GFPLL24.prom.bed
AtGRP7	Arabidopsis thaliana	AT1G03130	AT1G03130.1	1	753507	753508	-	753508	08_embeddings/plant_rbp_extended_query_fasta/target_experimental_data/AtGRP7/GSE99427_iCLIP/GSE99427_significant_crosslinks.tar.gz.extracted/7GFPLL24.prom.bed	iCLIP reproducible binding site BED (0-based BED)	8.0	coordinate_system=0-based BED; sample=7GFPLL24.prom.bed
AtGRP7	Arabidopsis thaliana	AT1G03600	AT1G03600.1	1	899088	899089	+	899089	08_embeddings/plant_rbp_extended_query_fasta/target_experimental_data/AtGRP7/GSE99427_iCLIP/GSE99427_significant_crosslinks.tar.gz.extracted/7GFPLL24.prom.bed	iCLIP reproducible binding site BED (0-based BED)	6.0	coordinate_system=0-based BED; sample=7GFPLL24.prom.bed
AtGRP7	Arabidopsis thaliana	AT1G03600	AT1G03600.1	1	899089	899090	+	899090	08_embeddings/plant_rbp_extended_query_fasta/target_experimental_data/AtGRP7/GSE99427_iCLIP/GSE99427_significant_crosslinks.tar.gz.extracted/7GFPLL24.prom.bed	iCLIP reproducible binding site BED (0-based BED)	4.0	coordinate_system=0-based BED; sample=7GFPLL24.prom.bed
AtGRP7	Arabidopsis thaliana	AT1G03600	AT1G03600.1	1	899093	899094	+	899094	08_embeddings/plant_rbp_extended_query_fasta/target_experimental_data/AtGRP7/GSE99427_iCLIP/GSE99427_significant_crosslinks.tar.gz.extracted/7GFPLL24.prom.bed	iCLIP reproducible binding site BED (0-based BED)	3.0	coordinate_system=0-based BED; sample=7GFPLL24.prom.bed
AtGRP7	Arabidopsis thaliana	AT1G03680	AT1G03680.1	1	916951	916952	-	916952	08_embeddings/plant_rbp_extended_query_fasta/target_experimental_data/AtGRP7/GSE99427_iCLIP/GSE99427_significant_crosslinks.tar.gz.extracted/7GFPLL24.prom.bed	iCLIP reproducible binding site BED (0-based BED)	7.0	coordinate_system=0-based BED; sample=7GFPLL24.prom.bed
AtGRP7	Arabidopsis thaliana	AT1G03680	AT1G03680.1	1	916953	916954	-	916954	08_embeddings/plant_rbp_extended_query_fasta/target_experimental_data/AtGRP7/GSE99427_iCLIP/GSE99427_significant_crosslinks.tar.gz.extracted/7GFPLL24.prom.bed	iCLIP reproducible binding site BED (0-based BED)	5.0	coordinate_system=0-based BED; sample=7GFPLL24.prom.bed
AtGRP7	Arabidopsis thaliana	AT1G04410	AT1G04410.1	1	1189228	1189229	-	1189229	08_embeddings/plant_rbp_extended_query_fasta/target_experimental_data/AtGRP7/GSE99427_iCLIP/GSE99427_significant_crosslinks.tar.gz.extracted/7GFPLL24.prom.bed	iCLIP reproducible binding site BED (0-based BED)	6.0	coordinate_system=0-based BED; sample=7GFPLL24.prom.bed
AtGRP7	Arabidopsis thaliana	AT1G04410	AT1G04410.1	1	1189232	1189233	-	1189233	08_embeddings/plant_rbp_extended_query_fasta/target_experimental_data/AtGRP7/GSE99427_iCLIP/GSE99427_significant_crosslinks.tar.gz.extracted/7GFPLL24.prom.bed	iCLIP reproducible binding site BED (0-based BED)	6.0	coordinate_system=0-based BED; sample=7GFPLL24.prom.bed
AtGRP7	Arabidopsis thaliana	AT1G04410	AT1G04410.1	1	1189233	1189234	-	1189234	08_embeddings/plant_rbp_extended_query_fasta/target_experimental_data/AtGRP7/GSE99427_iCLIP/GSE99427_significant_crosslinks.tar.gz.extracted/7GFPLL24.prom.bed	iCLIP reproducible binding site BED (0-based BED)	3.0	coordinate_system=0-based BED; sample=7GFPLL24.prom.bed
AtGRP7	Arabidopsis thaliana	AT1G04410	AT1G04410.1	1	1189234	1189235	-	1189235	08_embeddings/plant_rbp_extended_query_fasta/target_experimental_data/AtGRP7/GSE99427_iCLIP/GSE99427_significant_crosslinks.tar.gz.extracted/7GFPLL24.prom.bed	iCLIP reproducible binding site BED (0-based BED)	9.0	coordinate_system=0-based BED; sample=7GFPLL24.prom.bed
AtGRP7	Arabidopsis thaliana	AT1G04410	AT1G04410.1	1	1189240	1189241	-	1189241	08_embeddings/plant_rbp_extended_query_fasta/target_experimental_data/AtGRP7/GSE99427_iCLIP/GSE99427_significant_crosslinks.tar.gz.extracted/7GFPLL24.prom.bed	iCLIP reproducible binding site BED (0-based BED)	5.0	coordinate_system=0-based BED; sample=7GFPLL24.prom.bed
AtGRP7	Arabidopsis thaliana	AT1G04410	AT1G04410.1	1	1189242	1189243	-	1189243	08_embeddings/plant_rbp_extended_query_fasta/target_experimental_data/AtGRP7/GSE99427_iCLIP/GSE99427_significant_crosslinks.tar.gz.extracted/7GFPLL24.prom.bed	iCLIP reproducible binding site BED (0-based BED)	12.0	coordinate_system=0-based BED; sample=7GFPLL24.prom.bed
AtGRP7	Arabidopsis thaliana	AT1G04410	AT1G04410.1	1	1189243	1189244	-	1189244	08_embeddings/plant_rbp_extended_query_fasta/target_experimental_data/AtGRP7/GSE99427_iCLIP/GSE99427_significant_crosslinks.tar.gz.extracted/7GFPLL24.prom.bed	iCLIP reproducible binding site BED (0-based BED)	4.0	coordinate_system=0-based BED; sample=7GFPLL24.prom.bed
AtGRP7	Arabidopsis thaliana	AT1G04410	AT1G04410.1	1	1189245	1189246	-	1189246	08_embeddings/plant_rbp_extended_query_fasta/target_experimental_data/AtGRP7/GSE99427_iCLIP/GSE99427_significant_crosslinks.tar.gz.extracted/7GFPLL24.prom.bed	iCLIP reproducible binding site BED (0-based BED)	4.0	coordinate_system=0-based BED; sample=7GFPLL24.prom.bed
AtGRP7	Arabidopsis thaliana	AT1G04410	AT1G04410.1	1	1189251	1189252	-	1189252	08_embeddings/plant_rbp_extended_query_fasta/target_experimental_data/AtGRP7/GSE99427_iCLIP/GSE99427_significant_crosslinks.tar.gz.extracted/7GFPLL24.prom.bed	iCLIP reproducible binding site BED (0-based BED)	2.0	coordinate_system=0-based BED; sample=7GFPLL24.prom.bed
AtGRP7	Arabidopsis thaliana	AT1G04410	AT1G04410.1	1	1189301	1189302	-	1189302	08_embeddings/plant_rbp_extended_query_fasta/target_experimental_data/AtGRP7/GSE99427_iCLIP/GSE99427_significant_crosslinks.tar.gz.extracted/7GFPLL24.prom.bed	iCLIP reproducible binding site BED (0-based BED)	3.0	coordinate_system=0-based BED; sample=7GFPLL24.prom.bed
AtGRP7	Arabidopsis thaliana	AT1G04480	AT1G04480.1_I2	1	1217002	1217003	+	1217003	08_embeddings/plant_rbp_extended_query_fasta/target_experimental_data/AtGRP7/GSE99427_iCLIP/GSE99427_significant_crosslinks.tar.gz.extracted/7GFPLL24.prom.bed	iCLIP reproducible binding site BED (0-based BED)	7.0	coordinate_system=0-based BED; sample=7GFPLL24.prom.bed
AtGRP7	Arabidopsis thaliana	AT1G04480	AT1G04480.1_I2	1	1217006	1217007	+	1217007	08_embeddings/plant_rbp_extended_query_fasta/target_experimental_data/AtGRP7/GSE99427_iCLIP/GSE99427_significant_crosslinks.tar.gz.extracted/7GFPLL24.prom.bed	iCLIP reproducible binding site BED (0-based BED)	3.0	coordinate_system=0-based BED; sample=7GFPLL24.prom.bed
AtGRP7	Arabidopsis thaliana	AT1G04480	AT1G04480.1_I2	1	1217007	1217008	+	1217008	08_embeddings/plant_rbp_extended_query_fasta/target_experimental_data/AtGRP7/GSE99427_iCLIP/GSE99427_significant_crosslinks.tar.gz.extracted/7GFPLL24.prom.bed	iCLIP reproducible binding site BED (0-based BED)	5.0	coordinate_system=0-based BED; sample=7GFPLL24.prom.bed
AtGRP7	Arabidopsis thaliana	AT1G04480	AT1G04480.1_I2	1	1217017	1217018	+	1217018	08_embeddings/plant_rbp_extended_query_fasta/target_experimental_data/AtGRP7/GSE99427_iCLIP/GSE99427_significant_crosslinks.tar.gz.extracted/7GFPLL24.prom.bed	iCLIP reproducible binding site BED (0-based BED)	2.0	coordinate_system=0-based BED; sample=7GFPLL24.prom.bed
AtGRP7	Arabidopsis thaliana	AT1G05850	AT1G05850.1	1	1768058	1768059	-	1768059	08_embeddings/plant_rbp_extended_query_fasta/target_experimental_data/AtGRP7/GSE99427_iCLIP/GSE99427_significant_crosslinks.tar.gz.extracted/7GFPLL24.prom.bed	iCLIP reproducible binding site BED (0-based BED)	2.0	coordinate_system=0-based BED; sample=7GFPLL24.prom.bed
AtGRP7	Arabidopsis thaliana	AT1G05850	AT1G05850.1	1	1768060	1768061	-	1768061	08_embeddings/plant_rbp_extended_query_fasta/target_experimental_data/AtGRP7/GSE99427_iCLIP/GSE99427_significant_crosslinks.tar.gz.extracted/7GFPLL24.prom.bed	iCLIP reproducible binding site BED (0-based BED)	10.0	coordinate_system=0-based BED; sample=7GFPLL24.prom.bed
AtGRP7	Arabidopsis thaliana	AT1G05850	AT1G05850.1	1	1768062	1768063	-	1768063	08_embeddings/plant_rbp_extended_query_fasta/target_experimental_data/AtGRP7/GSE99427_iCLIP/GSE99427_significant_crosslinks.tar.gz.extracted/7GFPLL24.prom.bed	iCLIP reproducible binding site BED (0-based BED)	5.0	coordinate_system=0-based BED; sample=7GFPLL24.prom.bed
AtGRP7	Arabidopsis thaliana	AT1G05850	AT1G05850.1	1	1768064	1768065	-	1768065	08_embeddings/plant_rbp_extended_query_fasta/target_experimental_data/AtGRP7/GSE99427_iCLIP/GSE99427_significant_crosslinks.tar.gz.extracted/7GFPLL24.prom.bed	iCLIP reproducible binding site BED (0-based BED)	3.0	coordinate_system=0-based BED; sample=7GFPLL24.prom.bed
AtGRP7	Arabidopsis thaliana	AT1G05850	AT1G05850.1	1	1768065	1768066	-	1768066	08_embeddings/plant_rbp_extended_query_fasta/target_experimental_data/AtGRP7/GSE99427_iCLIP/GSE99427_significant_crosslinks.tar.gz.extracted/7GFPLL24.prom.bed	iCLIP reproducible binding site BED (0-based BED)	6.0	coordinate_system=0-based BED; sample=7GFPLL24.prom.bed
AtGRP7	Arabidopsis thaliana	AT1G05850	AT1G05850.1	1	1768067	1768068	-	1768068	08_embeddings/plant_rbp_extended_query_fasta/target_experimental_data/AtGRP7/GSE99427_iCLIP/GSE99427_significant_crosslinks.tar.gz.extracted/7GFPLL24.prom.bed	iCLIP reproducible binding site BED (0-based BED)	2.0	coordinate_system=0-based BED; sample=7GFPLL24.prom.bed
AtGRP7	Arabidopsis thaliana	AT1G05850	AT1G05850.1	1	1768068	1768069	-	1768069	08_embeddings/plant_rbp_extended_query_fasta/target_experimental_data/AtGRP7/GSE99427_iCLIP/GSE99427_significant_crosslinks.tar.gz.extracted/7GFPLL24.prom.bed	iCLIP reproducible binding site BED (0-based BED)	2.0	coordinate_system=0-based BED; sample=7GFPLL24.prom.bed
AtGRP7	Arabidopsis thaliana	AT1G05850	AT1G05850.1	1	1768076	1768077	-	1768077	08_embeddings/plant_rbp_extended_query_fasta/target_experimental_data/AtGRP7/GSE99427_iCLIP/GSE99427_significant_crosslinks.tar.gz.extracted/7GFPLL24.prom.bed	iCLIP reproducible binding site BED (0-based BED)	7.0	coordinate_system=0-based BED; sample=7GFPLL24.prom.bed
AtGRP7	Arabidopsis thaliana	AT1G05850	AT1G05850.1	1	1768077	1768078	-	1768078	08_embeddings/plant_rbp_extended_query_fasta/target_experimental_data/AtGRP7/GSE99427_iCLIP/GSE99427_significant_crosslinks.tar.gz.extracted/7GFPLL24.prom.bed	iCLIP reproducible binding site BED (0-based BED)	5.0	coordinate_system=0-based BED; sample=7GFPLL24.prom.bed
AtGRP7	Arabidopsis thaliana	AT1G05850	AT1G05850.1	1	1768081	1768082	-	1768082	08_embeddings/plant_rbp_extended_query_fasta/target_experimental_data/AtGRP7/GSE99427_iCLIP/GSE99427_significant_crosslinks.tar.gz.extracted/7GFPLL24.prom.bed	iCLIP reproducible binding site BED (0-based BED)	2.0	coordinate_system=0-based BED; sample=7GFPLL24.prom.bed
AtGRP7	Arabidopsis thaliana	AT1G05850	AT1G05850.1	1	1768648	1768649	-	1768649	08_embeddings/plant_rbp_extended_query_fasta/target_experimental_data/AtGRP7/GSE99427_iCLIP/GSE99427_significant_crosslinks.tar.gz.extracted/7GFPLL24.prom.bed	iCLIP reproducible binding site BED (0-based BED)	4.0	coordinate_system=0-based BED; sample=7GFPLL24.prom.bed
AtGRP7	Arabidopsis thaliana	AT1G05850	AT1G05850.1	1	1768649	1768650	-	1768650	08_embeddings/plant_rbp_extended_query_fasta/target_experimental_data/AtGRP7/GSE99427_iCLIP/GSE99427_significant_crosslinks.tar.gz.extracted/7GFPLL24.prom.bed	iCLIP reproducible binding site BED (0-based BED)	3.0	coordinate_system=0-based BED; sample=7GFPLL24.prom.bed
AtGRP7	Arabidopsis thaliana	AT1G05850	AT1G05850.1	1	1768653	1768654	-	1768654	08_embeddings/plant_rbp_extended_query_fasta/target_experimental_data/AtGRP7/GSE99427_iCLIP/GSE99427_significant_crosslinks.tar.gz.extracted/7GFPLL24.prom.bed	iCLIP reproducible binding site BED (0-based BED)	2.0	coordinate_system=0-based BED; sample=7GFPLL24.prom.bed
AtGRP7	Arabidopsis thaliana	AT1G06000	AT1G06000.1	1	1820329	1820330	-	1820330	08_embeddings/plant_rbp_extended_query_fasta/target_experimental_data/AtGRP7/GSE99427_iCLIP/GSE99427_significant_crosslinks.tar.gz.extracted/7GFPLL24.prom.bed	iCLIP reproducible binding site BED (0-based BED)	9.0	coordinate_system=0-based BED; sample=7GFPLL24.prom.bed
AtGRP7	Arabidopsis thaliana	AT1G06000	AT1G06000.1	1	1820331	1820332	-	1820332	08_embeddings/plant_rbp_extended_query_fasta/target_experimental_data/AtGRP7/GSE99427_iCLIP/GSE99427_significant_crosslinks.tar.gz.extracted/7GFPLL24.prom.bed	iCLIP reproducible binding site BED (0-based BED)	8.0	coordinate_system=0-based BED; sample=7GFPLL24.prom.bed
AtGRP7	Arabidopsis thaliana	AT1G06000	AT1G06000.1	1	1820338	1820339	-	1820339	08_embeddings/plant_rbp_extended_query_fasta/target_experimental_data/AtGRP7/GSE99427_iCLIP/GSE99427_significant_crosslinks.tar.gz.extracted/7GFPLL24.prom.bed	iCLIP reproducible binding site BED (0-based BED)	13.0	coordinate_system=0-based BED; sample=7GFPLL24.prom.bed
AtGRP7	Arabidopsis thaliana	AT1G06000	AT1G06000.1	1	1820339	1820340	-	1820340	08_embeddings/plant_rbp_extended_query_fasta/target_experimental_data/AtGRP7/GSE99427_iCLIP/GSE99427_significant_crosslinks.tar.gz.extracted/7GFPLL24.prom.bed	iCLIP reproducible binding site BED (0-based BED)	3.0	coordinate_system=0-based BED; sample=7GFPLL24.prom.bed
AtGRP7	Arabidopsis thaliana	AT1G06000	AT1G06000.1	1	1821843	1821844	-	1821844	08_embeddings/plant_rbp_extended_query_fasta/target_experimental_data/AtGRP7/GSE99427_iCLIP/GSE99427_significant_crosslinks.tar.gz.extracted/7GFPLL24.prom.bed	iCLIP reproducible binding site BED (0-based BED)	5.0	coordinate_system=0-based BED; sample=7GFPLL24.prom.bed
AtGRP7	Arabidopsis thaliana	AT1G06200	AT1G06200.1_I4	1	1896011	1896012	-	1896012	08_embeddings/plant_rbp_extended_query_fasta/target_experimental_data/AtGRP7/GSE99427_iCLIP/GSE99427_significant_crosslinks.tar.gz.extracted/7GFPLL24.prom.bed	iCLIP reproducible binding site BED (0-based BED)	4.0	coordinate_system=0-based BED; sample=7GFPLL24.prom.bed
AtGRP7	Arabidopsis thaliana	AT1G06680	AT1G06680.1	1	2047945	2047946	+	2047946	08_embeddings/plant_rbp_extended_query_fasta/target_experimental_data/AtGRP7/GSE99427_iCLIP/GSE99427_significant_crosslinks.tar.gz.extracted/7GFPLL24.prom.bed	iCLIP reproducible binding site BED (0-based BED)	3.0	coordinate_system=0-based BED; sample=7GFPLL24.prom.bed
AtGRP7	Arabidopsis thaliana	AT1G06680	AT1G06680.1	1	2047946	2047947	+	2047947	08_embeddings/plant_rbp_extended_query_fasta/target_experimental_data/AtGRP7/GSE99427_iCLIP/GSE99427_significant_crosslinks.tar.gz.extracted/7GFPLL24.prom.bed	iCLIP reproducible binding site BED (0-based BED)	19.0	coordinate_system=0-based BED; sample=7GFPLL24.prom.bed
AtGRP7	Arabidopsis thaliana	AT1G06680	AT1G06680.1	1	2047947	2047948	+	2047948	08_embeddings/plant_rbp_extended_query_fasta/target_experimental_data/AtGRP7/GSE99427_iCLIP/GSE99427_significant_crosslinks.tar.gz.extracted/7GFPLL24.prom.bed	iCLIP reproducible binding site BED (0-based BED)	2.0	coordinate_system=0-based BED; sample=7GFPLL24.prom.bed
AtGRP7	Arabidopsis thaliana	AT1G06680	AT1G06680.1	1	2047950	2047951	+	2047951	08_embeddings/plant_rbp_extended_query_fasta/target_experimental_data/AtGRP7/GSE99427_iCLIP/GSE99427_significant_crosslinks.tar.gz.extracted/7GFPLL24.prom.bed	iCLIP reproducible binding site BED (0-based BED)	2.0	coordinate_system=0-based BED; sample=7GFPLL24.prom.bed
AtGRP7	Arabidopsis thaliana	AT1G06680	AT1G06680.1	1	2047953	2047954	+	2047954	08_embeddings/plant_rbp_extended_query_fasta/target_experimental_data/AtGRP7/GSE99427_iCLIP/GSE99427_significant_crosslinks.tar.gz.extracted/7GFPLL24.prom.bed	iCLIP reproducible binding site BED (0-based BED)	4.0	coordinate_system=0-based BED; sample=7GFPLL24.prom.bed
AtGRP7	Arabidopsis thaliana	AT1G06680	AT1G06680.1	1	2047954	2047955	+	2047955	08_embeddings/plant_rbp_extended_query_fasta/target_experimental_data/AtGRP7/GSE99427_iCLIP/GSE99427_significant_crosslinks.tar.gz.extracted/7GFPLL24.prom.bed	iCLIP reproducible binding site BED (0-based BED)	13.0	coordinate_system=0-based BED; sample=7GFPLL24.prom.bed
AtGRP7	Arabidopsis thaliana	AT1G06680	AT1G06680.1	1	2047955	2047956	+	2047956	08_embeddings/plant_rbp_extended_query_fasta/target_experimental_data/AtGRP7/GSE99427_iCLIP/GSE99427_significant_crosslinks.tar.gz.extracted/7GFPLL24.prom.bed	iCLIP reproducible binding site BED (0-based BED)	4.0	coordinate_system=0-based BED; sample=7GFPLL24.prom.bed
AtGRP7	Arabidopsis thaliana	AT1G06680	AT1G06680.1	1	2047956	2047957	+	2047957	08_embeddings/plant_rbp_extended_query_fasta/target_experimental_data/AtGRP7/GSE99427_iCLIP/GSE99427_significant_crosslinks.tar.gz.extracted/7GFPLL24.prom.bed	iCLIP reproducible binding site BED (0-based BED)	6.0	coordinate_system=0-based BED; sample=7GFPLL24.prom.bed
AtGRP7	Arabidopsis thaliana	AT1G06680	AT1G06680.1	1	2047963	2047964	+	2047964	08_embeddings/plant_rbp_extended_query_fasta/target_experimental_data/AtGRP7/GSE99427_iCLIP/GSE99427_significant_crosslinks.tar.gz.extracted/7GFPLL24.prom.bed	iCLIP reproducible binding site BED (0-based BED)	3.0	coordinate_system=0-based BED; sample=7GFPLL24.prom.bed
AtGRP7	Arabidopsis thaliana	AT1G06680	AT1G06680.1	1	2047966	2047967	+	2047967	08_embeddings/plant_rbp_extended_query_fasta/target_experimental_data/AtGRP7/GSE99427_iCLIP/GSE99427_significant_crosslinks.tar.gz.extracted/7GFPLL24.prom.bed	iCLIP reproducible binding site BED (0-based BED)	3.0	coordinate_system=0-based BED; sample=7GFPLL24.prom.bed
AtGRP7	Arabidopsis thaliana	AT1G06680	AT1G06680.1	1	2047967	2047968	+	2047968	08_embeddings/plant_rbp_extended_query_fasta/target_experimental_data/AtGRP7/GSE99427_iCLIP/GSE99427_significant_crosslinks.tar.gz.extracted/7GFPLL24.prom.bed	iCLIP reproducible binding site BED (0-based BED)	6.0	coordinate_system=0-based BED; sample=7GFPLL24.prom.bed
AtGRP7	Arabidopsis thaliana	AT1G06680	AT1G06680.1	1	2047972	2047973	+	2047973	08_embeddings/plant_rbp_extended_query_fasta/target_experimental_data/AtGRP7/GSE99427_iCLIP/GSE99427_significant_crosslinks.tar.gz.extracted/7GFPLL24.prom.bed	iCLIP reproducible binding site BED (0-based BED)	5.0	coordinate_system=0-based BED; sample=7GFPLL24.prom.bed
AtGRP7	Arabidopsis thaliana	AT1G06680	AT1G06680.1	1	2047973	2047974	+	2047974	08_embeddings/plant_rbp_extended_query_fasta/target_experimental_data/AtGRP7/GSE99427_iCLIP/GSE99427_significant_crosslinks.tar.gz.extracted/7GFPLL24.prom.bed	iCLIP reproducible binding site BED (0-based BED)	3.0	coordinate_system=0-based BED; sample=7GFPLL24.prom.bed
AtGRP7	Arabidopsis thaliana	AT1G06680	AT1G06680.1	1	2047975	2047976	+	2047976	08_embeddings/plant_rbp_extended_query_fasta/target_experimental_data/AtGRP7/GSE99427_iCLIP/GSE99427_significant_crosslinks.tar.gz.extracted/7GFPLL24.prom.bed	iCLIP reproducible binding site BED (0-based BED)	17.0	coordinate_system=0-based BED; sample=7GFPLL24.prom.bed
AtGRP7	Arabidopsis thaliana	AT1G06680	AT1G06680.1	1	2047976	2047977	+	2047977	08_embeddings/plant_rbp_extended_query_fasta/target_experimental_data/AtGRP7/GSE99427_iCLIP/GSE99427_significant_crosslinks.tar.gz.extracted/7GFPLL24.prom.bed	iCLIP reproducible binding site BED (0-based BED)	4.0	coordinate_system=0-based BED; sample=7GFPLL24.prom.bed
AtGRP7	Arabidopsis thaliana	AT1G06680	AT1G06680.1	1	2048051	2048052	+	2048052	08_embeddings/plant_rbp_extended_query_fasta/target_experimental_data/AtGRP7/GSE99427_iCLIP/GSE99427_significant_crosslinks.tar.gz.extracted/7GFPLL24.prom.bed	iCLIP reproducible binding site BED (0-based BED)	7.0	coordinate_system=0-based BED; sample=7GFPLL24.prom.bed
AtGRP7	Arabidopsis thaliana	AT1G06680	AT1G06680.1	1	2048510	2048511	+	2048511	08_embeddings/plant_rbp_extended_query_fasta/target_experimental_data/AtGRP7/GSE99427_iCLIP/GSE99427_significant_crosslinks.tar.gz.extracted/7GFPLL24.prom.bed	iCLIP reproducible binding site BED (0-based BED)	5.0	coordinate_system=0-based BED; sample=7GFPLL24.prom.bed
AtGRP7	Arabidopsis thaliana	AT1G06680	AT1G06680.1	1	2048523	2048524	+	2048524	08_embeddings/plant_rbp_extended_query_fasta/target_experimental_data/AtGRP7/GSE99427_iCLIP/GSE99427_significant_crosslinks.tar.gz.extracted/7GFPLL24.prom.bed	iCLIP reproducible binding site BED (0-based BED)	8.0	coordinate_system=0-based BED; sample=7GFPLL24.prom.bed
AtGRP7	Arabidopsis thaliana	AT1G06680	AT1G06680.1	1	2048525	2048526	+	2048526	08_embeddings/plant_rbp_extended_query_fasta/target_experimental_data/AtGRP7/GSE99427_iCLIP/GSE99427_significant_crosslinks.tar.gz.extracted/7GFPLL24.prom.bed	iCLIP reproducible binding site BED (0-based BED)	41.0	coordinate_system=0-based BED; sample=7GFPLL24.prom.bed
AtGRP7	Arabidopsis thaliana	AT1G06680	AT1G06680.1	1	2048621	2048622	+	2048622	08_embeddings/plant_rbp_extended_query_fasta/target_experimental_data/AtGRP7/GSE99427_iCLIP/GSE99427_significant_crosslinks.tar.gz.extracted/7GFPLL24.prom.bed	iCLIP reproducible binding site BED (0-based BED)	3.0	coordinate_system=0-based BED; sample=7GFPLL24.prom.bed
AtGRP7	Arabidopsis thaliana	AT1G06680	AT1G06680.1	1	2048622	2048623	+	2048623	08_embeddings/plant_rbp_extended_query_fasta/target_experimental_data/AtGRP7/GSE99427_iCLIP/GSE99427_significant_crosslinks.tar.gz.extracted/7GFPLL24.prom.bed	iCLIP reproducible binding site BED (0-based BED)	4.0	coordinate_system=0-based BED; sample=7GFPLL24.prom.bed
AtGRP7	Arabidopsis thaliana	AT1G06680	AT1G06680.1	1	2048626	2048627	+	2048627	08_embeddings/plant_rbp_extended_query_fasta/target_experimental_data/AtGRP7/GSE99427_iCLIP/GSE99427_significant_crosslinks.tar.gz.extracted/7GFPLL24.prom.bed	iCLIP reproducible binding site BED (0-based BED)	4.0	coordinate_system=0-based BED; sample=7GFPLL24.prom.bed
AtGRP7	Arabidopsis thaliana	AT1G06680	AT1G06680.1	1	2049230	2049231	+	2049231	08_embeddings/plant_rbp_extended_query_fasta/target_experimental_data/AtGRP7/GSE99427_iCLIP/GSE99427_significant_crosslinks.tar.gz.extracted/7GFPLL24.prom.bed	iCLIP reproducible binding site BED (0-based BED)	5.0	coordinate_system=0-based BED; sample=7GFPLL24.prom.bed
AtGRP7	Arabidopsis thaliana	AT1G06680	AT1G06680.1	1	2049260	2049261	+	2049261	08_embeddings/plant_rbp_extended_query_fasta/target_experimental_data/AtGRP7/GSE99427_iCLIP/GSE99427_significant_crosslinks.tar.gz.extracted/7GFPLL24.prom.bed	iCLIP reproducible binding site BED (0-based BED)	5.0	coordinate_system=0-based BED; sample=7GFPLL24.prom.bed
AtGRP7	Arabidopsis thaliana	AT1G06680	AT1G06680.1	1	2049261	2049262	+	2049262	08_embeddings/plant_rbp_extended_query_fasta/target_experimental_data/AtGRP7/GSE99427_iCLIP/GSE99427_significant_crosslinks.tar.gz.extracted/7GFPLL24.prom.bed	iCLIP reproducible binding site BED (0-based BED)	3.0	coordinate_system=0-based BED; sample=7GFPLL24.prom.bed
AtGRP7	Arabidopsis thaliana	AT1G06680	AT1G06680.1	1	2049273	2049274	+	2049274	08_embeddings/plant_rbp_extended_query_fasta/target_experimental_data/AtGRP7/GSE99427_iCLIP/GSE99427_significant_crosslinks.tar.gz.extracted/7GFPLL24.prom.bed	iCLIP reproducible binding site BED (0-based BED)	7.0	coordinate_system=0-based BED; sample=7GFPLL24.prom.bed
AtGRP7	Arabidopsis thaliana	AT1G06680	AT1G06680.1	1	2049279	2049280	+	2049280	08_embeddings/plant_rbp_extended_query_fasta/target_experimental_data/AtGRP7/GSE99427_iCLIP/GSE99427_significant_crosslinks.tar.gz.extracted/7GFPLL24.prom.bed	iCLIP reproducible binding site BED (0-based BED)	6.0	coordinate_system=0-based BED; sample=7GFPLL24.prom.bed
AtGRP7	Arabidopsis thaliana	AT1G06680	AT1G06680.1	1	2049280	2049281	+	2049281	08_embeddings/plant_rbp_extended_query_fasta/target_experimental_data/AtGRP7/GSE99427_iCLIP/GSE99427_significant_crosslinks.tar.gz.extracted/7GFPLL24.prom.bed	iCLIP reproducible binding site BED (0-based BED)	3.0	coordinate_system=0-based BED; sample=7GFPLL24.prom.bed
AtGRP7	Arabidopsis thaliana	AT1G06680	AT1G06680.1	1	2049282	2049283	+	2049283	08_embeddings/plant_rbp_extended_query_fasta/target_experimental_data/AtGRP7/GSE99427_iCLIP/GSE99427_significant_crosslinks.tar.gz.extracted/7GFPLL24.prom.bed	iCLIP reproducible binding site BED (0-based BED)	4.0	coordinate_system=0-based BED; sample=7GFPLL24.prom.bed
AtGRP7	Arabidopsis thaliana	AT1G06680	AT1G06680.1	1	2049285	2049286	+	2049286	08_embeddings/plant_rbp_extended_query_fasta/target_experimental_data/AtGRP7/GSE99427_iCLIP/GSE99427_significant_crosslinks.tar.gz.extracted/7GFPLL24.prom.bed	iCLIP reproducible binding site BED (0-based BED)	2.0	coordinate_system=0-based BED; sample=7GFPLL24.prom.bed
AtGRP7	Arabidopsis thaliana	AT1G06680	AT1G06680.1	1	2049290	2049291	+	2049291	08_embeddings/plant_rbp_extended_query_fasta/target_experimental_data/AtGRP7/GSE99427_iCLIP/GSE99427_significant_crosslinks.tar.gz.extracted/7GFPLL24.prom.bed	iCLIP reproducible binding site BED (0-based BED)	4.0	coordinate_system=0-based BED; sample=7GFPLL24.prom.bed
AtGRP7	Arabidopsis thaliana	AT1G06680	AT1G06680.1	1	2049297	2049298	+	2049298	08_embeddings/plant_rbp_extended_query_fasta/target_experimental_data/AtGRP7/GSE99427_iCLIP/GSE99427_significant_crosslinks.tar.gz.extracted/7GFPLL24.prom.bed	iCLIP reproducible binding site BED (0-based BED)	6.0	coordinate_system=0-based BED; sample=7GFPLL24.prom.bed
AtGRP7	Arabidopsis thaliana	AT1G06680	AT1G06680.1	1	2049304	2049305	+	2049305	08_embeddings/plant_rbp_extended_query_fasta/target_experimental_data/AtGRP7/GSE99427_iCLIP/GSE99427_significant_crosslinks.tar.gz.extracted/7GFPLL24.prom.bed	iCLIP reproducible binding site BED (0-based BED)	3.0	coordinate_system=0-based BED; sample=7GFPLL24.prom.bed
AtGRP7	Arabidopsis thaliana	AT1G07720	AT1G07720.1	1	2392398	2392399	-	2392399	08_embeddings/plant_rbp_extended_query_fasta/target_experimental_data/AtGRP7/GSE99427_iCLIP/GSE99427_significant_crosslinks.tar.gz.extracted/7GFPLL24.prom.bed	iCLIP reproducible binding site BED (0-based BED)	5.0	coordinate_system=0-based BED; sample=7GFPLL24.prom.bed
AtGRP7	Arabidopsis thaliana	AT1G07890	AT1G07890.3	1	2439561	2439562	+	2439562	08_embeddings/plant_rbp_extended_query_fasta/target_experimental_data/AtGRP7/GSE99427_iCLIP/GSE99427_significant_crosslinks.tar.gz.extracted/7GFPLL24.prom.bed	iCLIP reproducible binding site BED (0-based BED)	4.0	coordinate_system=0-based BED; sample=7GFPLL24.prom.bed
AtGRP7	Arabidopsis thaliana	AT1G07890	AT1G07890.3	1	2439563	2439564	+	2439564	08_embeddings/plant_rbp_extended_query_fasta/target_experimental_data/AtGRP7/GSE99427_iCLIP/GSE99427_significant_crosslinks.tar.gz.extracted/7GFPLL24.prom.bed	iCLIP reproducible binding site BED (0-based BED)	14.0	coordinate_system=0-based BED; sample=7GFPLL24.prom.bed
AtGRP7	Arabidopsis thaliana	AT1G07890	AT1G07890.3	1	2439566	2439567	+	2439567	08_embeddings/plant_rbp_extended_query_fasta/target_experimental_data/AtGRP7/GSE99427_iCLIP/GSE99427_significant_crosslinks.tar.gz.extracted/7GFPLL24.prom.bed	iCLIP reproducible binding site BED (0-based BED)	2.0	coordinate_system=0-based BED; sample=7GFPLL24.prom.bed
AtGRP7	Arabidopsis thaliana	AT1G07890	AT1G07890.3	1	2439567	2439568	+	2439568	08_embeddings/plant_rbp_extended_query_fasta/target_experimental_data/AtGRP7/GSE99427_iCLIP/GSE99427_significant_crosslinks.tar.gz.extracted/7GFPLL24.prom.bed	iCLIP reproducible binding site BED (0-based BED)	3.0	coordinate_system=0-based BED; sample=7GFPLL24.prom.bed
AtGRP7	Arabidopsis thaliana	AT1G07890	AT1G07890.3	1	2439568	2439569	+	2439569	08_embeddings/plant_rbp_extended_query_fasta/target_experimental_data/AtGRP7/GSE99427_iCLIP/GSE99427_significant_crosslinks.tar.gz.extracted/7GFPLL24.prom.bed	iCLIP reproducible binding site BED (0-based BED)	7.0	coordinate_system=0-based BED; sample=7GFPLL24.prom.bed
AtGRP7	Arabidopsis thaliana	AT1G07890	AT1G07890.3	1	2439578	2439579	+	2439579	08_embeddings/plant_rbp_extended_query_fasta/target_experimental_data/AtGRP7/GSE99427_iCLIP/GSE99427_significant_crosslinks.tar.gz.extracted/7GFPLL24.prom.bed	iCLIP reproducible binding site BED (0-based BED)	8.0	coordinate_system=0-based BED; sample=7GFPLL24.prom.bed
AtGRP7	Arabidopsis thaliana	AT1G07890	AT1G07890.3	1	2439597	2439598	+	2439598	08_embeddings/plant_rbp_extended_query_fasta/target_experimental_data/AtGRP7/GSE99427_iCLIP/GSE99427_significant_crosslinks.tar.gz.extracted/7GFPLL24.prom.bed	iCLIP reproducible binding site BED (0-based BED)	7.0	coordinate_system=0-based BED; sample=7GFPLL24.prom.bed
AtGRP7	Arabidopsis thaliana	AT1G07890	AT1G07890.3	1	2439598	2439599	+	2439599	08_embeddings/plant_rbp_extended_query_fasta/target_experimental_data/AtGRP7/GSE99427_iCLIP/GSE99427_significant_crosslinks.tar.gz.extracted/7GFPLL24.prom.bed	iCLIP reproducible binding site BED (0-based BED)	2.0	coordinate_system=0-based BED; sample=7GFPLL24.prom.bed
AtGRP7	Arabidopsis thaliana	AT1G07890	AT1G07890.3	1	2439599	2439600	+	2439600	08_embeddings/plant_rbp_extended_query_fasta/target_experimental_data/AtGRP7/GSE99427_iCLIP/GSE99427_significant_crosslinks.tar.gz.extracted/7GFPLL24.prom.bed	iCLIP reproducible binding site BED (0-based BED)	4.0	coordinate_system=0-based BED; sample=7GFPLL24.prom.bed
AtGRP7	Arabidopsis thaliana	AT1G07890	AT1G07890.3	1	2439603	2439604	+	2439604	08_embeddings/plant_rbp_extended_query_fasta/target_experimental_data/AtGRP7/GSE99427_iCLIP/GSE99427_significant_crosslinks.tar.gz.extracted/7GFPLL24.prom.bed	iCLIP reproducible binding site BED (0-based BED)	4.0	coordinate_system=0-based BED; sample=7GFPLL24.prom.bed
AtGRP7	Arabidopsis thaliana	AT1G07890	AT1G07890.3	1	2439608	2439609	+	2439609	08_embeddings/plant_rbp_extended_query_fasta/target_experimental_data/AtGRP7/GSE99427_iCLIP/GSE99427_significant_crosslinks.tar.gz.extracted/7GFPLL24.prom.bed	iCLIP reproducible binding site BED (0-based BED)	4.0	coordinate_system=0-based BED; sample=7GFPLL24.prom.bed
AtGRP7	Arabidopsis thaliana	AT1G07890	AT1G07890.3	1	2439612	2439613	+	2439613	08_embeddings/plant_rbp_extended_query_fasta/target_experimental_data/AtGRP7/GSE99427_iCLIP/GSE99427_significant_crosslinks.tar.gz.extracted/7GFPLL24.prom.bed	iCLIP reproducible binding site BED (0-based BED)	9.0	coordinate_system=0-based BED; sample=7GFPLL24.prom.bed
AtGRP7	Arabidopsis thaliana	AT1G07890	AT1G07890.3	1	2439618	2439619	+	2439619	08_embeddings/plant_rbp_extended_query_fasta/target_experimental_data/AtGRP7/GSE99427_iCLIP/GSE99427_significant_crosslinks.tar.gz.extracted/7GFPLL24.prom.bed	iCLIP reproducible binding site BED (0-based BED)	3.0	coordinate_system=0-based BED; sample=7GFPLL24.prom.bed
AtGRP7	Arabidopsis thaliana	AT1G07920	AT1G07920.1	1	2457219	2457220	+	2457220	08_embeddings/plant_rbp_extended_query_fasta/target_experimental_data/AtGRP7/GSE99427_iCLIP/GSE99427_significant_crosslinks.tar.gz.extracted/7GFPLL24.prom.bed	iCLIP reproducible binding site BED (0-based BED)	3.0	coordinate_system=0-based BED; sample=7GFPLL24.prom.bed
AtGRP7	Arabidopsis thaliana	AT1G07920	AT1G07920.1	1	2457225	2457226	+	2457226	08_embeddings/plant_rbp_extended_query_fasta/target_experimental_data/AtGRP7/GSE99427_iCLIP/GSE99427_significant_crosslinks.tar.gz.extracted/7GFPLL24.prom.bed	iCLIP reproducible binding site BED (0-based BED)	6.0	coordinate_system=0-based BED; sample=7GFPLL24.prom.bed
AtGRP7	Arabidopsis thaliana	AT1G07920	AT1G07920.1	1	2457227	2457228	+	2457228	08_embeddings/plant_rbp_extended_query_fasta/target_experimental_data/AtGRP7/GSE99427_iCLIP/GSE99427_significant_crosslinks.tar.gz.extracted/7GFPLL24.prom.bed	iCLIP reproducible binding site BED (0-based BED)	2.0	coordinate_system=0-based BED; sample=7GFPLL24.prom.bed
AtGRP7	Arabidopsis thaliana	AT1G07920	AT1G07920.1	1	2457230	2457231	+	2457231	08_embeddings/plant_rbp_extended_query_fasta/target_experimental_data/AtGRP7/GSE99427_iCLIP/GSE99427_significant_crosslinks.tar.gz.extracted/7GFPLL24.prom.bed	iCLIP reproducible binding site BED (0-based BED)	5.0	coordinate_system=0-based BED; sample=7GFPLL24.prom.bed
AtGRP7	Arabidopsis thaliana	AT1G07920	AT1G07920.1	1	2457232	2457233	+	2457233	08_embeddings/plant_rbp_extended_query_fasta/target_experimental_data/AtGRP7/GSE99427_iCLIP/GSE99427_significant_crosslinks.tar.gz.extracted/7GFPLL24.prom.bed	iCLIP reproducible binding site BED (0-based BED)	4.0	coordinate_system=0-based BED; sample=7GFPLL24.prom.bed
AtGRP7	Arabidopsis thaliana	AT1G07920	AT1G07920.1	1	2457233	2457234	+	2457234	08_embeddings/plant_rbp_extended_query_fasta/target_experimental_data/AtGRP7/GSE99427_iCLIP/GSE99427_significant_crosslinks.tar.gz.extracted/7GFPLL24.prom.bed	iCLIP reproducible binding site BED (0-based BED)	4.0	coordinate_system=0-based BED; sample=7GFPLL24.prom.bed
AtGRP7	Arabidopsis thaliana	AT1G08380	AT1G08380.1	1	2640938	2640939	-	2640939	08_embeddings/plant_rbp_extended_query_fasta/target_experimental_data/AtGRP7/GSE99427_iCLIP/GSE99427_significant_crosslinks.tar.gz.extracted/7GFPLL24.prom.bed	iCLIP reproducible binding site BED (0-based BED)	18.0	coordinate_system=0-based BED; sample=7GFPLL24.prom.bed
AtGRP7	Arabidopsis thaliana	AT1G08380	AT1G08380.1	1	2640940	2640941	-	2640941	08_embeddings/plant_rbp_extended_query_fasta/target_experimental_data/AtGRP7/GSE99427_iCLIP/GSE99427_significant_crosslinks.tar.gz.extracted/7GFPLL24.prom.bed	iCLIP reproducible binding site BED (0-based BED)	5.0	coordinate_system=0-based BED; sample=7GFPLL24.prom.bed
AtGRP7	Arabidopsis thaliana	AT1G08380	AT1G08380.1	1	2640941	2640942	-	2640942	08_embeddings/plant_rbp_extended_query_fasta/target_experimental_data/AtGRP7/GSE99427_iCLIP/GSE99427_significant_crosslinks.tar.gz.extracted/7GFPLL24.prom.bed	iCLIP reproducible binding site BED (0-based BED)	6.0	coordinate_system=0-based BED; sample=7GFPLL24.prom.bed
AtGRP7	Arabidopsis thaliana	AT1G08380	AT1G08380.1	1	2640951	2640952	-	2640952	08_embeddings/plant_rbp_extended_query_fasta/target_experimental_data/AtGRP7/GSE99427_iCLIP/GSE99427_significant_crosslinks.tar.gz.extracted/7GFPLL24.prom.bed	iCLIP reproducible binding site BED (0-based BED)	8.0	coordinate_system=0-based BED; sample=7GFPLL24.prom.bed
AtGRP7	Arabidopsis thaliana	AT1G08380	AT1G08380.1	1	2640957	2640958	-	2640958	08_embeddings/plant_rbp_extended_query_fasta/target_experimental_data/AtGRP7/GSE99427_iCLIP/GSE99427_significant_crosslinks.tar.gz.extracted/7GFPLL24.prom.bed	iCLIP reproducible binding site BED (0-based BED)	11.0	coordinate_system=0-based BED; sample=7GFPLL24.prom.bed
AtGRP7	Arabidopsis thaliana	AT1G08380	AT1G08380.1	1	2640958	2640959	-	2640959	08_embeddings/plant_rbp_extended_query_fasta/target_experimental_data/AtGRP7/GSE99427_iCLIP/GSE99427_significant_crosslinks.tar.gz.extracted/7GFPLL24.prom.bed	iCLIP reproducible binding site BED (0-based BED)	5.0	coordinate_system=0-based BED; sample=7GFPLL24.prom.bed
AtGRP7	Arabidopsis thaliana	AT1G08380	AT1G08380.1	1	2640962	2640963	-	2640963	08_embeddings/plant_rbp_extended_query_fasta/target_experimental_data/AtGRP7/GSE99427_iCLIP/GSE99427_significant_crosslinks.tar.gz.extracted/7GFPLL24.prom.bed	iCLIP reproducible binding site BED (0-based BED)	6.0	coordinate_system=0-based BED; sample=7GFPLL24.prom.bed
AtGRP7	Arabidopsis thaliana	AT1G08380	AT1G08380.1	1	2640972	2640973	-	2640973	08_embeddings/plant_rbp_extended_query_fasta/target_experimental_data/AtGRP7/GSE99427_iCLIP/GSE99427_significant_crosslinks.tar.gz.extracted/7GFPLL24.prom.bed	iCLIP reproducible binding site BED (0-based BED)	11.0	coordinate_system=0-based BED; sample=7GFPLL24.prom.bed
AtGRP7	Arabidopsis thaliana	AT1G08380	AT1G08380.1	1	2640973	2640974	-	2640974	08_embeddings/plant_rbp_extended_query_fasta/target_experimental_data/AtGRP7/GSE99427_iCLIP/GSE99427_significant_crosslinks.tar.gz.extracted/7GFPLL24.prom.bed	iCLIP reproducible binding site BED (0-based BED)	30.0	coordinate_system=0-based BED; sample=7GFPLL24.prom.bed
AtGRP7	Arabidopsis thaliana	AT1G08380	AT1G08380.1	1	2640974	2640975	-	2640975	08_embeddings/plant_rbp_extended_query_fasta/target_experimental_data/AtGRP7/GSE99427_iCLIP/GSE99427_significant_crosslinks.tar.gz.extracted/7GFPLL24.prom.bed	iCLIP reproducible binding site BED (0-based BED)	36.0	coordinate_system=0-based BED; sample=7GFPLL24.prom.bed
AtGRP7	Arabidopsis thaliana	AT1G08380	AT1G08380.1	1	2640975	2640976	-	2640976	08_embeddings/plant_rbp_extended_query_fasta/target_experimental_data/AtGRP7/GSE99427_iCLIP/GSE99427_significant_crosslinks.tar.gz.extracted/7GFPLL24.prom.bed	iCLIP reproducible binding site BED (0-based BED)	3.0	coordinate_system=0-based BED; sample=7GFPLL24.prom.bed
AtGRP7	Arabidopsis thaliana	AT1G08380	AT1G08380.1	1	2640992	2640993	-	2640993	08_embeddings/plant_rbp_extended_query_fasta/target_experimental_data/AtGRP7/GSE99427_iCLIP/GSE99427_significant_crosslinks.tar.gz.extracted/7GFPLL24.prom.bed	iCLIP reproducible binding site BED (0-based BED)	15.0	coordinate_system=0-based BED; sample=7GFPLL24.prom.bed
AtGRP7	Arabidopsis thaliana	AT1G08380	AT1G08380.1	1	2640993	2640994	-	2640994	08_embeddings/plant_rbp_extended_query_fasta/target_experimental_data/AtGRP7/GSE99427_iCLIP/GSE99427_significant_crosslinks.tar.gz.extracted/7GFPLL24.prom.bed	iCLIP reproducible binding site BED (0-based BED)	9.0	coordinate_system=0-based BED; sample=7GFPLL24.prom.bed
AtGRP7	Arabidopsis thaliana	AT1G08380	AT1G08380.1	1	2640994	2640995	-	2640995	08_embeddings/plant_rbp_extended_query_fasta/target_experimental_data/AtGRP7/GSE99427_iCLIP/GSE99427_significant_crosslinks.tar.gz.extracted/7GFPLL24.prom.bed	iCLIP reproducible binding site BED (0-based BED)	11.0	coordinate_system=0-based BED; sample=7GFPLL24.prom.bed
AtGRP7	Arabidopsis thaliana	AT1G08380	AT1G08380.1	1	2640995	2640996	-	2640996	08_embeddings/plant_rbp_extended_query_fasta/target_experimental_data/AtGRP7/GSE99427_iCLIP/GSE99427_significant_crosslinks.tar.gz.extracted/7GFPLL24.prom.bed	iCLIP reproducible binding site BED (0-based BED)	9.0	coordinate_system=0-based BED; sample=7GFPLL24.prom.bed
AtGRP7	Arabidopsis thaliana	AT1G08380	AT1G08380.1	1	2640997	2640998	-	2640998	08_embeddings/plant_rbp_extended_query_fasta/target_experimental_data/AtGRP7/GSE99427_iCLIP/GSE99427_significant_crosslinks.tar.gz.extracted/7GFPLL24.prom.bed	iCLIP reproducible binding site BED (0-based BED)	4.0	coordinate_system=0-based BED; sample=7GFPLL24.prom.bed
AtGRP7	Arabidopsis thaliana	AT1G09310	AT1G09310.1	1	3009069	3009070	+	3009070	08_embeddings/plant_rbp_extended_query_fasta/target_experimental_data/AtGRP7/GSE99427_iCLIP/GSE99427_significant_crosslinks.tar.gz.extracted/7GFPLL24.prom.bed	iCLIP reproducible binding site BED (0-based BED)	3.0	coordinate_system=0-based BED; sample=7GFPLL24.prom.bed
AtGRP7	Arabidopsis thaliana	AT1G09310	AT1G09310.1	1	3009072	3009073	+	3009073	08_embeddings/plant_rbp_extended_query_fasta/target_experimental_data/AtGRP7/GSE99427_iCLIP/GSE99427_significant_crosslinks.tar.gz.extracted/7GFPLL24.prom.bed	iCLIP reproducible binding site BED (0-based BED)	12.0	coordinate_system=0-based BED; sample=7GFPLL24.prom.bed
AtGRP7	Arabidopsis thaliana	AT1G09310	AT1G09310.1	1	3009073	3009074	+	3009074	08_embeddings/plant_rbp_extended_query_fasta/target_experimental_data/AtGRP7/GSE99427_iCLIP/GSE99427_significant_crosslinks.tar.gz.extracted/7GFPLL24.prom.bed	iCLIP reproducible binding site BED (0-based BED)	50.0	coordinate_system=0-based BED; sample=7GFPLL24.prom.bed
AtGRP7	Arabidopsis thaliana	AT1G09310	AT1G09310.1	1	3009074	3009075	+	3009075	08_embeddings/plant_rbp_extended_query_fasta/target_experimental_data/AtGRP7/GSE99427_iCLIP/GSE99427_significant_crosslinks.tar.gz.extracted/7GFPLL24.prom.bed	iCLIP reproducible binding site BED (0-based BED)	19.0	coordinate_system=0-based BED; sample=7GFPLL24.prom.bed
AtGRP7	Arabidopsis thaliana	AT1G09310	AT1G09310.1	1	3009075	3009076	+	3009076	08_embeddings/plant_rbp_extended_query_fasta/target_experimental_data/AtGRP7/GSE99427_iCLIP/GSE99427_significant_crosslinks.tar.gz.extracted/7GFPLL24.prom.bed	iCLIP reproducible binding site BED (0-based BED)	11.0	coordinate_system=0-based BED; sample=7GFPLL24.prom.bed
AtGRP7	Arabidopsis thaliana	AT1G09310	AT1G09310.1	1	3009076	3009077	+	3009077	08_embeddings/plant_rbp_extended_query_fasta/target_experimental_data/AtGRP7/GSE99427_iCLIP/GSE99427_significant_crosslinks.tar.gz.extracted/7GFPLL24.prom.bed	iCLIP reproducible binding site BED (0-based BED)	3.0	coordinate_system=0-based BED; sample=7GFPLL24.prom.bed
AtGRP7	Arabidopsis thaliana	AT1G09310	AT1G09310.1	1	3009078	3009079	+	3009079	08_embeddings/plant_rbp_extended_query_fasta/target_experimental_data/AtGRP7/GSE99427_iCLIP/GSE99427_significant_crosslinks.tar.gz.extracted/7GFPLL24.prom.bed	iCLIP reproducible binding site BED (0-based BED)	5.0	coordinate_system=0-based BED; sample=7GFPLL24.prom.bed
AtGRP7	Arabidopsis thaliana	AT1G09310	AT1G09310.1	1	3009118	3009119	+	3009119	08_embeddings/plant_rbp_extended_query_fasta/target_experimental_data/AtGRP7/GSE99427_iCLIP/GSE99427_significant_crosslinks.tar.gz.extracted/7GFPLL24.prom.bed	iCLIP reproducible binding site BED (0-based BED)	2.0	coordinate_system=0-based BED; sample=7GFPLL24.prom.bed
AtGRP7	Arabidopsis thaliana	AT1G09310	AT1G09310.1	1	3009120	3009121	+	3009121	08_embeddings/plant_rbp_extended_query_fasta/target_experimental_data/AtGRP7/GSE99427_iCLIP/GSE99427_significant_crosslinks.tar.gz.extracted/7GFPLL24.prom.bed	iCLIP reproducible binding site BED (0-based BED)	17.0	coordinate_system=0-based BED; sample=7GFPLL24.prom.bed
AtGRP7	Arabidopsis thaliana	AT1G09310	AT1G09310.1	1	3009121	3009122	+	3009122	08_embeddings/plant_rbp_extended_query_fasta/target_experimental_data/AtGRP7/GSE99427_iCLIP/GSE99427_significant_crosslinks.tar.gz.extracted/7GFPLL24.prom.bed	iCLIP reproducible binding site BED (0-based BED)	2.0	coordinate_system=0-based BED; sample=7GFPLL24.prom.bed
AtGRP7	Arabidopsis thaliana	AT1G09310	AT1G09310.1	1	3009130	3009131	+	3009131	08_embeddings/plant_rbp_extended_query_fasta/target_experimental_data/AtGRP7/GSE99427_iCLIP/GSE99427_significant_crosslinks.tar.gz.extracted/7GFPLL24.prom.bed	iCLIP reproducible binding site BED (0-based BED)	4.0	coordinate_system=0-based BED; sample=7GFPLL24.prom.bed
AtGRP7	Arabidopsis thaliana	AT1G09310	AT1G09310.1	1	3009520	3009521	+	3009521	08_embeddings/plant_rbp_extended_query_fasta/target_experimental_data/AtGRP7/GSE99427_iCLIP/GSE99427_significant_crosslinks.tar.gz.extracted/7GFPLL24.prom.bed	iCLIP reproducible binding site BED (0-based BED)	2.0	coordinate_system=0-based BED; sample=7GFPLL24.prom.bed
AtGRP7	Arabidopsis thaliana	AT1G09310	AT1G09310.1	1	3009526	3009527	+	3009527	08_embeddings/plant_rbp_extended_query_fasta/target_experimental_data/AtGRP7/GSE99427_iCLIP/GSE99427_significant_crosslinks.tar.gz.extracted/7GFPLL24.prom.bed	iCLIP reproducible binding site BED (0-based BED)	2.0	coordinate_system=0-based BED; sample=7GFPLL24.prom.bed
AtGRP7	Arabidopsis thaliana	AT1G09310	AT1G09310.1	1	3009529	3009530	+	3009530	08_embeddings/plant_rbp_extended_query_fasta/target_experimental_data/AtGRP7/GSE99427_iCLIP/GSE99427_significant_crosslinks.tar.gz.extracted/7GFPLL24.prom.bed	iCLIP reproducible binding site BED (0-based BED)	2.0	coordinate_system=0-based BED; sample=7GFPLL24.prom.bed
AtGRP7	Arabidopsis thaliana	AT1G09310	AT1G09310.1	1	3009530	3009531	+	3009531	08_embeddings/plant_rbp_extended_query_fasta/target_experimental_data/AtGRP7/GSE99427_iCLIP/GSE99427_significant_crosslinks.tar.gz.extracted/7GFPLL24.prom.bed	iCLIP reproducible binding site BED (0-based BED)	4.0	coordinate_system=0-based BED; sample=7GFPLL24.prom.bed
AtGRP7	Arabidopsis thaliana	AT1G09310	AT1G09310.1	1	3009759	3009760	+	3009760	08_embeddings/plant_rbp_extended_query_fasta/target_experimental_data/AtGRP7/GSE99427_iCLIP/GSE99427_significant_crosslinks.tar.gz.extracted/7GFPLL24.prom.bed	iCLIP reproducible binding site BED (0-based BED)	5.0	coordinate_system=0-based BED; sample=7GFPLL24.prom.bed
AtGRP7	Arabidopsis thaliana	AT1G09310	AT1G09310.1	1	3009760	3009761	+	3009761	08_embeddings/plant_rbp_extended_query_fasta/target_experimental_data/AtGRP7/GSE99427_iCLIP/GSE99427_significant_crosslinks.tar.gz.extracted/7GFPLL24.prom.bed	iCLIP reproducible binding site BED (0-based BED)	11.0	coordinate_system=0-based BED; sample=7GFPLL24.prom.bed
AtGRP7	Arabidopsis thaliana	AT1G09310	AT1G09310.1	1	3009761	3009762	+	3009762	08_embeddings/plant_rbp_extended_query_fasta/target_experimental_data/AtGRP7/GSE99427_iCLIP/GSE99427_significant_crosslinks.tar.gz.extracted/7GFPLL24.prom.bed	iCLIP reproducible binding site BED (0-based BED)	14.0	coordinate_system=0-based BED; sample=7GFPLL24.prom.bed
AtGRP7	Arabidopsis thaliana	AT1G09310	AT1G09310.1	1	3009764	3009765	+	3009765	08_embeddings/plant_rbp_extended_query_fasta/target_experimental_data/AtGRP7/GSE99427_iCLIP/GSE99427_significant_crosslinks.tar.gz.extracted/7GFPLL24.prom.bed	iCLIP reproducible binding site BED (0-based BED)	18.0	coordinate_system=0-based BED; sample=7GFPLL24.prom.bed
AtGRP7	Arabidopsis thaliana	AT1G09310	AT1G09310.1	1	3009765	3009766	+	3009766	08_embeddings/plant_rbp_extended_query_fasta/target_experimental_data/AtGRP7/GSE99427_iCLIP/GSE99427_significant_crosslinks.tar.gz.extracted/7GFPLL24.prom.bed	iCLIP reproducible binding site BED (0-based BED)	15.0	coordinate_system=0-based BED; sample=7GFPLL24.prom.bed
AtGRP7	Arabidopsis thaliana	AT1G09310	AT1G09310.1	1	3009767	3009768	+	3009768	08_embeddings/plant_rbp_extended_query_fasta/target_experimental_data/AtGRP7/GSE99427_iCLIP/GSE99427_significant_crosslinks.tar.gz.extracted/7GFPLL24.prom.bed	iCLIP reproducible binding site BED (0-based BED)	3.0	coordinate_system=0-based BED; sample=7GFPLL24.prom.bed
AtGRP7	Arabidopsis thaliana	AT1G09310	AT1G09310.1	1	3009768	3009769	+	3009769	08_embeddings/plant_rbp_extended_query_fasta/target_experimental_data/AtGRP7/GSE99427_iCLIP/GSE99427_significant_crosslinks.tar.gz.extracted/7GFPLL24.prom.bed	iCLIP reproducible binding site BED (0-based BED)	3.0	coordinate_system=0-based BED; sample=7GFPLL24.prom.bed
AtGRP7	Arabidopsis thaliana	AT1G09310	AT1G09310.1	1	3009770	3009771	+	3009771	08_embeddings/plant_rbp_extended_query_fasta/target_experimental_data/AtGRP7/GSE99427_iCLIP/GSE99427_significant_crosslinks.tar.gz.extracted/7GFPLL24.prom.bed	iCLIP reproducible binding site BED (0-based BED)	12.0	coordinate_system=0-based BED; sample=7GFPLL24.prom.bed
AtGRP7	Arabidopsis thaliana	AT1G09310	AT1G09310.1	1	3009772	3009773	+	3009773	08_embeddings/plant_rbp_extended_query_fasta/target_experimental_data/AtGRP7/GSE99427_iCLIP/GSE99427_significant_crosslinks.tar.gz.extracted/7GFPLL24.prom.bed	iCLIP reproducible binding site BED (0-based BED)	3.0	coordinate_system=0-based BED; sample=7GFPLL24.prom.bed
AtGRP7	Arabidopsis thaliana	AT1G09310	AT1G09310.1	1	3009773	3009774	+	3009774	08_embeddings/plant_rbp_extended_query_fasta/target_experimental_data/AtGRP7/GSE99427_iCLIP/GSE99427_significant_crosslinks.tar.gz.extracted/7GFPLL24.prom.bed	iCLIP reproducible binding site BED (0-based BED)	17.0	coordinate_system=0-based BED; sample=7GFPLL24.prom.bed
AtGRP7	Arabidopsis thaliana	AT1G09310	AT1G09310.1	1	3009774	3009775	+	3009775	08_embeddings/plant_rbp_extended_query_fasta/target_experimental_data/AtGRP7/GSE99427_iCLIP/GSE99427_significant_crosslinks.tar.gz.extracted/7GFPLL24.prom.bed	iCLIP reproducible binding site BED (0-based BED)	5.0	coordinate_system=0-based BED; sample=7GFPLL24.prom.bed
AtGRP7	Arabidopsis thaliana	AT1G09310	AT1G09310.1	1	3009775	3009776	+	3009776	08_embeddings/plant_rbp_extended_query_fasta/target_experimental_data/AtGRP7/GSE99427_iCLIP/GSE99427_significant_crosslinks.tar.gz.extracted/7GFPLL24.prom.bed	iCLIP reproducible binding site BED (0-based BED)	6.0	coordinate_system=0-based BED; sample=7GFPLL24.prom.bed
AtGRP7	Arabidopsis thaliana	AT1G09310	AT1G09310.1	1	3009777	3009778	+	3009778	08_embeddings/plant_rbp_extended_query_fasta/target_experimental_data/AtGRP7/GSE99427_iCLIP/GSE99427_significant_crosslinks.tar.gz.extracted/7GFPLL24.prom.bed	iCLIP reproducible binding site BED (0-based BED)	13.0	coordinate_system=0-based BED; sample=7GFPLL24.prom.bed
AtGRP7	Arabidopsis thaliana	AT1G09310	AT1G09310.1	1	3009778	3009779	+	3009779	08_embeddings/plant_rbp_extended_query_fasta/target_experimental_data/AtGRP7/GSE99427_iCLIP/GSE99427_significant_crosslinks.tar.gz.extracted/7GFPLL24.prom.bed	iCLIP reproducible binding site BED (0-based BED)	3.0	coordinate_system=0-based BED; sample=7GFPLL24.prom.bed
AtGRP7	Arabidopsis thaliana	AT1G09310	AT1G09310.1	1	3009779	3009780	+	3009780	08_embeddings/plant_rbp_extended_query_fasta/target_experimental_data/AtGRP7/GSE99427_iCLIP/GSE99427_significant_crosslinks.tar.gz.extracted/7GFPLL24.prom.bed	iCLIP reproducible binding site BED (0-based BED)	3.0	coordinate_system=0-based BED; sample=7GFPLL24.prom.bed
AtGRP7	Arabidopsis thaliana	AT1G09310	AT1G09310.1	1	3009788	3009789	+	3009789	08_embeddings/plant_rbp_extended_query_fasta/target_experimental_data/AtGRP7/GSE99427_iCLIP/GSE99427_significant_crosslinks.tar.gz.extracted/7GFPLL24.prom.bed	iCLIP reproducible binding site BED (0-based BED)	2.0	coordinate_system=0-based BED; sample=7GFPLL24.prom.bed
AtGRP7	Arabidopsis thaliana	AT1G09310	AT1G09310.1	1	3009789	3009790	+	3009790	08_embeddings/plant_rbp_extended_query_fasta/target_experimental_data/AtGRP7/GSE99427_iCLIP/GSE99427_significant_crosslinks.tar.gz.extracted/7GFPLL24.prom.bed	iCLIP reproducible binding site BED (0-based BED)	5.0	coordinate_system=0-based BED; sample=7GFPLL24.prom.bed
AtGRP7	Arabidopsis thaliana	AT1G09310	AT1G09310.1	1	3009790	3009791	+	3009791	08_embeddings/plant_rbp_extended_query_fasta/target_experimental_data/AtGRP7/GSE99427_iCLIP/GSE99427_significant_crosslinks.tar.gz.extracted/7GFPLL24.prom.bed	iCLIP reproducible binding site BED (0-based BED)	12.0	coordinate_system=0-based BED; sample=7GFPLL24.prom.bed
AtGRP7	Arabidopsis thaliana	AT1G09310	AT1G09310.1	1	3009792	3009793	+	3009793	08_embeddings/plant_rbp_extended_query_fasta/target_experimental_data/AtGRP7/GSE99427_iCLIP/GSE99427_significant_crosslinks.tar.gz.extracted/7GFPLL24.prom.bed	iCLIP reproducible binding site BED (0-based BED)	7.0	coordinate_system=0-based BED; sample=7GFPLL24.prom.bed
AtGRP7	Arabidopsis thaliana	AT1G09310	AT1G09310.1	1	3009793	3009794	+	3009794	08_embeddings/plant_rbp_extended_query_fasta/target_experimental_data/AtGRP7/GSE99427_iCLIP/GSE99427_significant_crosslinks.tar.gz.extracted/7GFPLL24.prom.bed	iCLIP reproducible binding site BED (0-based BED)	10.0	coordinate_system=0-based BED; sample=7GFPLL24.prom.bed
AtGRP7	Arabidopsis thaliana	AT1G09310	AT1G09310.1	1	3009795	3009796	+	3009796	08_embeddings/plant_rbp_extended_query_fasta/target_experimental_data/AtGRP7/GSE99427_iCLIP/GSE99427_significant_crosslinks.tar.gz.extracted/7GFPLL24.prom.bed	iCLIP reproducible binding site BED (0-based BED)	10.0	coordinate_system=0-based BED; sample=7GFPLL24.prom.bed
AtGRP7	Arabidopsis thaliana	AT1G09310	AT1G09310.1	1	3009796	3009797	+	3009797	08_embeddings/plant_rbp_extended_query_fasta/target_experimental_data/AtGRP7/GSE99427_iCLIP/GSE99427_significant_crosslinks.tar.gz.extracted/7GFPLL24.prom.bed	iCLIP reproducible binding site BED (0-based BED)	6.0	coordinate_system=0-based BED; sample=7GFPLL24.prom.bed
AtGRP7	Arabidopsis thaliana	AT1G09310	AT1G09310.1	1	3009797	3009798	+	3009798	08_embeddings/plant_rbp_extended_query_fasta/target_experimental_data/AtGRP7/GSE99427_iCLIP/GSE99427_significant_crosslinks.tar.gz.extracted/7GFPLL24.prom.bed	iCLIP reproducible binding site BED (0-based BED)	3.0	coordinate_system=0-based BED; sample=7GFPLL24.prom.bed
AtGRP7	Arabidopsis thaliana	AT1G09310	AT1G09310.1	1	3009798	3009799	+	3009799	08_embeddings/plant_rbp_extended_query_fasta/target_experimental_data/AtGRP7/GSE99427_iCLIP/GSE99427_significant_crosslinks.tar.gz.extracted/7GFPLL24.prom.bed	iCLIP reproducible binding site BED (0-based BED)	3.0	coordinate_system=0-based BED; sample=7GFPLL24.prom.bed
AtGRP7	Arabidopsis thaliana	AT1G09310	AT1G09310.1	1	3009800	3009801	+	3009801	08_embeddings/plant_rbp_extended_query_fasta/target_experimental_data/AtGRP7/GSE99427_iCLIP/GSE99427_significant_crosslinks.tar.gz.extracted/7GFPLL24.prom.bed	iCLIP reproducible binding site BED (0-based BED)	4.0	coordinate_system=0-based BED; sample=7GFPLL24.prom.bed
AtGRP7	Arabidopsis thaliana	AT1G09310	AT1G09310.1	1	3009801	3009802	+	3009802	08_embeddings/plant_rbp_extended_query_fasta/target_experimental_data/AtGRP7/GSE99427_iCLIP/GSE99427_significant_crosslinks.tar.gz.extracted/7GFPLL24.prom.bed	iCLIP reproducible binding site BED (0-based BED)	5.0	coordinate_system=0-based BED; sample=7GFPLL24.prom.bed
AtGRP7	Arabidopsis thaliana	AT1G09340	AT1G09340.1	1	3015450	3015451	+	3015451	08_embeddings/plant_rbp_extended_query_fasta/target_experimental_data/AtGRP7/GSE99427_iCLIP/GSE99427_significant_crosslinks.tar.gz.extracted/7GFPLL24.prom.bed	iCLIP reproducible binding site BED (0-based BED)	3.0	coordinate_system=0-based BED; sample=7GFPLL24.prom.bed
AtGRP7	Arabidopsis thaliana	AT1G09340	AT1G09340.1	1	3015507	3015508	+	3015508	08_embeddings/plant_rbp_extended_query_fasta/target_experimental_data/AtGRP7/GSE99427_iCLIP/GSE99427_significant_crosslinks.tar.gz.extracted/7GFPLL24.prom.bed	iCLIP reproducible binding site BED (0-based BED)	11.0	coordinate_system=0-based BED; sample=7GFPLL24.prom.bed
AtGRP7	Arabidopsis thaliana	AT1G09340	AT1G09340.1	1	3015508	3015509	+	3015509	08_embeddings/plant_rbp_extended_query_fasta/target_experimental_data/AtGRP7/GSE99427_iCLIP/GSE99427_significant_crosslinks.tar.gz.extracted/7GFPLL24.prom.bed	iCLIP reproducible binding site BED (0-based BED)	6.0	coordinate_system=0-based BED; sample=7GFPLL24.prom.bed
AtGRP7	Arabidopsis thaliana	AT1G09340	AT1G09340.1	1	3015510	3015511	+	3015511	08_embeddings/plant_rbp_extended_query_fasta/target_experimental_data/AtGRP7/GSE99427_iCLIP/GSE99427_significant_crosslinks.tar.gz.extracted/7GFPLL24.prom.bed	iCLIP reproducible binding site BED (0-based BED)	6.0	coordinate_system=0-based BED; sample=7GFPLL24.prom.bed
AtGRP7	Arabidopsis thaliana	AT1G09340	AT1G09340.1	1	3015512	3015513	+	3015513	08_embeddings/plant_rbp_extended_query_fasta/target_experimental_data/AtGRP7/GSE99427_iCLIP/GSE99427_significant_crosslinks.tar.gz.extracted/7GFPLL24.prom.bed	iCLIP reproducible binding site BED (0-based BED)	8.0	coordinate_system=0-based BED; sample=7GFPLL24.prom.bed
AtGRP7	Arabidopsis thaliana	AT1G09340	AT1G09340.1	1	3015514	3015515	+	3015515	08_embeddings/plant_rbp_extended_query_fasta/target_experimental_data/AtGRP7/GSE99427_iCLIP/GSE99427_significant_crosslinks.tar.gz.extracted/7GFPLL24.prom.bed	iCLIP reproducible binding site BED (0-based BED)	6.0	coordinate_system=0-based BED; sample=7GFPLL24.prom.bed
AtGRP7	Arabidopsis thaliana	AT1G09340	AT1G09340.1	1	3015516	3015517	+	3015517	08_embeddings/plant_rbp_extended_query_fasta/target_experimental_data/AtGRP7/GSE99427_iCLIP/GSE99427_significant_crosslinks.tar.gz.extracted/7GFPLL24.prom.bed	iCLIP reproducible binding site BED (0-based BED)	6.0	coordinate_system=0-based BED; sample=7GFPLL24.prom.bed
AtGRP7	Arabidopsis thaliana	AT1G09340	AT1G09340.1	1	3015521	3015522	+	3015522	08_embeddings/plant_rbp_extended_query_fasta/target_experimental_data/AtGRP7/GSE99427_iCLIP/GSE99427_significant_crosslinks.tar.gz.extracted/7GFPLL24.prom.bed	iCLIP reproducible binding site BED (0-based BED)	8.0	coordinate_system=0-based BED; sample=7GFPLL24.prom.bed
AtGRP7	Arabidopsis thaliana	AT1G09340	AT1G09340.1	1	3015523	3015524	+	3015524	08_embeddings/plant_rbp_extended_query_fasta/target_experimental_data/AtGRP7/GSE99427_iCLIP/GSE99427_significant_crosslinks.tar.gz.extracted/7GFPLL24.prom.bed	iCLIP reproducible binding site BED (0-based BED)	9.0	coordinate_system=0-based BED; sample=7GFPLL24.prom.bed
AtGRP7	Arabidopsis thaliana	AT1G09340	AT1G09340.1	1	3015528	3015529	+	3015529	08_embeddings/plant_rbp_extended_query_fasta/target_experimental_data/AtGRP7/GSE99427_iCLIP/GSE99427_significant_crosslinks.tar.gz.extracted/7GFPLL24.prom.bed	iCLIP reproducible binding site BED (0-based BED)	3.0	coordinate_system=0-based BED; sample=7GFPLL24.prom.bed
AtGRP7	Arabidopsis thaliana	AT1G09340	AT1G09340.1	1	3015529	3015530	+	3015530	08_embeddings/plant_rbp_extended_query_fasta/target_experimental_data/AtGRP7/GSE99427_iCLIP/GSE99427_significant_crosslinks.tar.gz.extracted/7GFPLL24.prom.bed	iCLIP reproducible binding site BED (0-based BED)	3.0	coordinate_system=0-based BED; sample=7GFPLL24.prom.bed
AtGRP7	Arabidopsis thaliana	AT1G09340	AT1G09340.1	1	3015531	3015532	+	3015532	08_embeddings/plant_rbp_extended_query_fasta/target_experimental_data/AtGRP7/GSE99427_iCLIP/GSE99427_significant_crosslinks.tar.gz.extracted/7GFPLL24.prom.bed	iCLIP reproducible binding site BED (0-based BED)	7.0	coordinate_system=0-based BED; sample=7GFPLL24.prom.bed
AtGRP7	Arabidopsis thaliana	AT1G09340	AT1G09340.1	1	3015532	3015533	+	3015533	08_embeddings/plant_rbp_extended_query_fasta/target_experimental_data/AtGRP7/GSE99427_iCLIP/GSE99427_significant_crosslinks.tar.gz.extracted/7GFPLL24.prom.bed	iCLIP reproducible binding site BED (0-based BED)	3.0	coordinate_system=0-based BED; sample=7GFPLL24.prom.bed
AtGRP7	Arabidopsis thaliana	AT1G09340	AT1G09340.1	1	3015533	3015534	+	3015534	08_embeddings/plant_rbp_extended_query_fasta/target_experimental_data/AtGRP7/GSE99427_iCLIP/GSE99427_significant_crosslinks.tar.gz.extracted/7GFPLL24.prom.bed	iCLIP reproducible binding site BED (0-based BED)	4.0	coordinate_system=0-based BED; sample=7GFPLL24.prom.bed
AtGRP7	Arabidopsis thaliana	AT1G09340	AT1G09340.1	1	3015537	3015538	+	3015538	08_embeddings/plant_rbp_extended_query_fasta/target_experimental_data/AtGRP7/GSE99427_iCLIP/GSE99427_significant_crosslinks.tar.gz.extracted/7GFPLL24.prom.bed	iCLIP reproducible binding site BED (0-based BED)	6.0	coordinate_system=0-based BED; sample=7GFPLL24.prom.bed
AtGRP7	Arabidopsis thaliana	AT1G09340	AT1G09340.1	1	3015538	3015539	+	3015539	08_embeddings/plant_rbp_extended_query_fasta/target_experimental_data/AtGRP7/GSE99427_iCLIP/GSE99427_significant_crosslinks.tar.gz.extracted/7GFPLL24.prom.bed	iCLIP reproducible binding site BED (0-based BED)	5.0	coordinate_system=0-based BED; sample=7GFPLL24.prom.bed
AtGRP7	Arabidopsis thaliana	AT1G09340	AT1G09340.1	1	3015542	3015543	+	3015543	08_embeddings/plant_rbp_extended_query_fasta/target_experimental_data/AtGRP7/GSE99427_iCLIP/GSE99427_significant_crosslinks.tar.gz.extracted/7GFPLL24.prom.bed	iCLIP reproducible binding site BED (0-based BED)	4.0	coordinate_system=0-based BED; sample=7GFPLL24.prom.bed
AtGRP7	Arabidopsis thaliana	AT1G09340	AT1G09340.1	1	3016322	3016323	+	3016323	08_embeddings/plant_rbp_extended_query_fasta/target_experimental_data/AtGRP7/GSE99427_iCLIP/GSE99427_significant_crosslinks.tar.gz.extracted/7GFPLL24.prom.bed	iCLIP reproducible binding site BED (0-based BED)	4.0	coordinate_system=0-based BED; sample=7GFPLL24.prom.bed
